Workbook
Name Calendar_Type: Settings!$B$3
Name Cycle_Header: Settings!$B$7
Name Days_per_Cycle: Settings!$B$4
Name End_Date_of_Year: Settings!$B$6
Name Number_Of_Weekends: Settings!$B$9
Name Start_Date_of_Year: Settings!$B$5
Name Weekend_As_Holiday: Settings!$B$8

Sheet Cycle Calendar
A1: Cycle Calendar | E1: Cycle Header: | F1: ="CY"&Cycle_Header -> CY2026 | H1: How to use this template: 1. Enter all holidays in the Holidays worksheet Note: All National and Legal holidays are already indicated but you may also enter your company holidays (e.g. outing) 2. In the Settings worksheet, choose the type of calendar that your company uses (i.e. Cycle-Based or Calendar-Based) 3. Enter the Start and End Date of your business calendar 4. Verify the # of Days and the inclusive dates per cycle below 5. Save the Cycle Calendar template file and email it to sfe.support@electronicscience.com
A2: Cycle | B2: Zone | C2: Day | D2: Cycle Date | E2: Type | F2: Label
A3: (type: integer | size: 2) | B3: (type: integer | size: 2) | C3: (type: integer | size: 2) | D3: (type: date | size: 10) | E3: (type: text | size: 1) | F3: (type: text | size: 3)
A4: 1, 2, 3, 4, etc. | B4: 1, 2, 3, 4, etc. | C4: 1, 2, 3, 4, etc. | D4: format: YYYY-MM-DD | E4: (e.g. R, W, H) | F4: (e.g. R1, R2, W1, H1, etc.)
A5: Valid Characters: Numeric , / | B5: Valid Characters: Numeric , / | C5: Valid Characters: Numeric , / | D5: Valid Characters: Numeric , / | E5: Valid Characters: Alphanumeric | F5: Valid Characters: Alphanumeric
A6: =IF(Calendar_Type="Calendar-Based",MONTH(D6),INT(((ROW(A1)-1)/(Days_per_Cycle+Number_Of_Weekends)))*1+1) -> 1 | B6: =IF(A6=A5,B6+1,1) -> 1 | C6: =WEEKDAY(D6,2) -> 4 | D6: =Start_Date_of_Year -> 46023 | E6: =IF(AND(OR($C6=6,$C6=7),Weekend_As_Holiday="YES",COUNTIF(Holidays!$A$6:$A$58,'Cycle Calendar'!$D6)>0),"H",IF(AND(OR($C6=6,$C6=7),Weekend_As_Holiday="NO",COUNTIF(Holidays!$A$6:$A$58,'Cycle Calendar'!$D6)>0),"W",IF(OR($C6=6,$C6=7),"W",IF(COUNTIF(Holidays!$A$6:$A$58,'Cycle Calendar'!$D6)>0,"H","R")))) -> H | F6: =E6&C6 -> H4
A7: =IF(Calendar_Type="Calendar-Based",MONTH(D7),INT(((ROW(A2)-1)/(Days_per_Cycle+Number_Of_Weekends)))*1+1) -> 1 | B7: =IF(A7=A6,B6+1,1) -> 2 | C7: =WEEKDAY(D7,2) -> 5 | D7: =D6+1 -> 46024 | E7: =IF(AND(OR($C7=6,$C7=7),Weekend_As_Holiday="YES",COUNTIF(Holidays!$A$6:$A$58,'Cycle Calendar'!$D7)>0),"H",IF(AND(OR($C7=6,$C7=7),Weekend_As_Holiday="NO",COUNTIF(Holidays!$A$6:$A$58,'Cycle Calendar'!$D7)>0),"W",IF(OR($C7=6,$C7=7),"W",IF(COUNTIF(Holidays!$A$6:$A$58,'Cycle Calendar'!$D7)>0,"H","R")))) -> H | F7: =E7&C7 -> H5
A8: =IF(Calendar_Type="Calendar-Based",MONTH(D8),INT(((ROW(A3)-1)/(Days_per_Cycle+Number_Of_Weekends)))*1+1) -> 1 | B8: =IF(A8=A7,B7+1,1) -> 3 | C8: =WEEKDAY(D8,2) -> 6 | D8: =D7+1 -> 46025 | E8: =IF(AND(OR($C8=6,$C8=7),Weekend_As_Holiday="YES",COUNTIF(Holidays!$A$6:$A$58,'Cycle Calendar'!$D8)>0),"H",IF(AND(OR($C8=6,$C8=7),Weekend_As_Holiday="NO",COUNTIF(Holidays!$A$6:$A$58,'Cycle Calendar'!$D8)>0),"W",IF(OR($C8=6,$C8=7),"W",IF(COUNTIF(Holidays!$A$6:$A$58,'Cycle Calendar'!$D8)>0,"H","R")))) -> W | F8: =E8&C8 -> W6 | H8: CYCLE | I8: # OF DAYS | J8: FROM | K8: TO | L8: HOLIDAYS
A9: =IF(Calendar_Type="Calendar-Based",MONTH(D9),INT(((ROW(A4)-1)/(Days_per_Cycle+Number_Of_Weekends)))*1+1) -> 1 | B9: =IF(A9=A8,B8+1,1) -> 4 | C9: =WEEKDAY(D9,2) -> 7 | D9: =D8+1 -> 46026 | E9: =IF(AND(OR($C9=6,$C9=7),Weekend_As_Holiday="YES",COUNTIF(Holidays!$A$6:$A$58,'Cycle Calendar'!$D9)>0),"H",IF(AND(OR($C9=6,$C9=7),Weekend_As_Holiday="NO",COUNTIF(Holidays!$A$6:$A$58,'Cycle Calendar'!$D9)>0),"W",IF(OR($C9=6,$C9=7),"W",IF(COUNTIF(Holidays!$A$6:$A$58,'Cycle Calendar'!$D9)>0,"H","R")))) -> W | F9: =E9&C9 -> W7 | H9: CYCLE 1 | I9: =COUNTIFS($D$6:$D$505,">="&Start_Date_of_Year,$D$6:$D$505,"<="&End_Date_of_Year,$A$6:$A$505,SUBSTITUTE(H9,"CYCLE ","")) -> 32 | J9: =D6 -> 46023 | K9: =J9+I9-1 -> 46054 | L9: =COUNTIFS(Holidays!$A$6:$A$58,">="&'Cycle Calendar'!J9,Holidays!$A$6:$A$58,"<="&'Cycle Calendar'!K9) -> 2
A10: =IF(Calendar_Type="Calendar-Based",MONTH(D10),INT(((ROW(A5)-1)/(Days_per_Cycle+Number_Of_Weekends)))*1+1) -> 1 | B10: =IF(A10=A9,B9+1,1) -> 5 | C10: =WEEKDAY(D10,2) -> 1 | D10: =D9+1 -> 46027 | E10: =IF(AND(OR($C10=6,$C10=7),Weekend_As_Holiday="YES",COUNTIF(Holidays!$A$6:$A$58,'Cycle Calendar'!$D10)>0),"H",IF(AND(OR($C10=6,$C10=7),Weekend_As_Holiday="NO",COUNTIF(Holidays!$A$6:$A$58,'Cycle Calendar'!$D10)>0),"W",IF(OR($C10=6,$C10=7),"W",IF(COUNTIF(Holidays!$A$6:$A$58,'Cycle Calendar'!$D10)>0,"H","R")))) -> R | F10: =E10&C10 -> R1 | H10: CYCLE 2 | I10: =COUNTIFS($D$6:$D$505,">="&Start_Date_of_Year,$D$6:$D$505,"<="&End_Date_of_Year,$A$6:$A$505,SUBSTITUTE(H10,"CYCLE ","")) -> 35 | J10: =J9+I9 -> 46055 | K10: =J10+I10-1 -> 46089 | L10: =COUNTIFS(Holidays!$A$6:$A$58,">="&'Cycle Calendar'!J10,Holidays!$A$6:$A$58,"<="&'Cycle Calendar'!K10) -> 6
A11: =IF(Calendar_Type="Calendar-Based",MONTH(D11),INT(((ROW(A6)-1)/(Days_per_Cycle+Number_Of_Weekends)))*1+1) -> 1 | B11: =IF(A11=A10,B10+1,1) -> 6 | C11: =WEEKDAY(D11,2) -> 2 | D11: =D10+1 -> 46028 | E11: =IF(AND(OR($C11=6,$C11=7),Weekend_As_Holiday="YES",COUNTIF(Holidays!$A$6:$A$58,'Cycle Calendar'!$D11)>0),"H",IF(AND(OR($C11=6,$C11=7),Weekend_As_Holiday="NO",COUNTIF(Holidays!$A$6:$A$58,'Cycle Calendar'!$D11)>0),"W",IF(OR($C11=6,$C11=7),"W",IF(COUNTIF(Holidays!$A$6:$A$58,'Cycle Calendar'!$D11)>0,"H","R")))) -> R | F11: =E11&C11 -> R2 | H11: CYCLE 3 | I11: =COUNTIFS($D$6:$D$505,">="&Start_Date_of_Year,$D$6:$D$505,"<="&End_Date_of_Year,$A$6:$A$505,SUBSTITUTE(H11,"CYCLE ","")) -> 35 | J11: =J10+I10 -> 46090 | K11: =J11+I11-1 -> 46124 | L11: =COUNTIFS(Holidays!$A$6:$A$58,">="&'Cycle Calendar'!J11,Holidays!$A$6:$A$58,"<="&'Cycle Calendar'!K11) -> 6
A12: =IF(Calendar_Type="Calendar-Based",MONTH(D12),INT(((ROW(A7)-1)/(Days_per_Cycle+Number_Of_Weekends)))*1+1) -> 1 | B12: =IF(A12=A11,B11+1,1) -> 7 | C12: =WEEKDAY(D12,2) -> 3 | D12: =D11+1 -> 46029 | E12: =IF(AND(OR($C12=6,$C12=7),Weekend_As_Holiday="YES",COUNTIF(Holidays!$A$6:$A$58,'Cycle Calendar'!$D12)>0),"H",IF(AND(OR($C12=6,$C12=7),Weekend_As_Holiday="NO",COUNTIF(Holidays!$A$6:$A$58,'Cycle Calendar'!$D12)>0),"W",IF(OR($C12=6,$C12=7),"W",IF(COUNTIF(Holidays!$A$6:$A$58,'Cycle Calendar'!$D12)>0,"H","R")))) -> R | F12: =E12&C12 -> R3 | H12: CYCLE 4 | I12: =COUNTIFS($D$6:$D$505,">="&Start_Date_of_Year,$D$6:$D$505,"<="&End_Date_of_Year,$A$6:$A$505,SUBSTITUTE(H12,"CYCLE ","")) -> 28 | J12: =J11+I11 -> 46125 | K12: =J12+I12-1 -> 46152 | L12: =COUNTIFS(Holidays!$A$6:$A$58,">="&'Cycle Calendar'!J12,Holidays!$A$6:$A$58,"<="&'Cycle Calendar'!K12) -> 1
A13: =IF(Calendar_Type="Calendar-Based",MONTH(D13),INT(((ROW(A8)-1)/(Days_per_Cycle+Number_Of_Weekends)))*1+1) -> 1 | B13: =IF(A13=A12,B12+1,1) -> 8 | C13: =WEEKDAY(D13,2) -> 4 | D13: =D12+1 -> 46030 | E13: =IF(AND(OR($C13=6,$C13=7),Weekend_As_Holiday="YES",COUNTIF(Holidays!$A$6:$A$58,'Cycle Calendar'!$D13)>0),"H",IF(AND(OR($C13=6,$C13=7),Weekend_As_Holiday="NO",COUNTIF(Holidays!$A$6:$A$58,'Cycle Calendar'!$D13)>0),"W",IF(OR($C13=6,$C13=7),"W",IF(COUNTIF(Holidays!$A$6:$A$58,'Cycle Calendar'!$D13)>0,"H","R")))) -> R | F13: =E13&C13 -> R4 | H13: CYCLE 5 | I13: =COUNTIFS($D$6:$D$505,">="&Start_Date_of_Year,$D$6:$D$505,"<="&End_Date_of_Year,$A$6:$A$505,SUBSTITUTE(H13,"CYCLE ","")) -> 28 | J13: =J12+I12 -> 46153 | K13: =J13+I13-1 -> 46180 | L13: =COUNTIFS(Holidays!$A$6:$A$58,">="&'Cycle Calendar'!J13,Holidays!$A$6:$A$58,"<="&'Cycle Calendar'!K13) -> 0
A14: =IF(Calendar_Type="Calendar-Based",MONTH(D14),INT(((ROW(A9)-1)/(Days_per_Cycle+Number_Of_Weekends)))*1+1) -> 1 | B14: =IF(A14=A13,B13+1,1) -> 9 | C14: =WEEKDAY(D14,2) -> 5 | D14: =D13+1 -> 46031 | E14: =IF(AND(OR($C14=6,$C14=7),Weekend_As_Holiday="YES",COUNTIF(Holidays!$A$6:$A$58,'Cycle Calendar'!$D14)>0),"H",IF(AND(OR($C14=6,$C14=7),Weekend_As_Holiday="NO",COUNTIF(Holidays!$A$6:$A$58,'Cycle Calendar'!$D14)>0),"W",IF(OR($C14=6,$C14=7),"W",IF(COUNTIF(Holidays!$A$6:$A$58,'Cycle Calendar'!$D14)>0,"H","R")))) -> R | F14: =E14&C14 -> R5 | H14: CYCLE 6 | I14: =COUNTIFS($D$6:$D$505,">="&Start_Date_of_Year,$D$6:$D$505,"<="&End_Date_of_Year,$A$6:$A$505,SUBSTITUTE(H14,"CYCLE ","")) -> 35 | J14: =J13+I13 -> 46181 | K14: =J14+I14-1 -> 46215 | L14: =COUNTIFS(Holidays!$A$6:$A$58,">="&'Cycle Calendar'!J14,Holidays!$A$6:$A$58,"<="&'Cycle Calendar'!K14) -> 6
A15: =IF(Calendar_Type="Calendar-Based",MONTH(D15),INT(((ROW(A10)-1)/(Days_per_Cycle+Number_Of_Weekends)))*1+1) -> 1 | B15: =IF(A15=A14,B14+1,1) -> 10 | C15: =WEEKDAY(D15,2) -> 6 | D15: =D14+1 -> 46032 | E15: =IF(AND(OR($C15=6,$C15=7),Weekend_As_Holiday="YES",COUNTIF(Holidays!$A$6:$A$58,'Cycle Calendar'!$D15)>0),"H",IF(AND(OR($C15=6,$C15=7),Weekend_As_Holiday="NO",COUNTIF(Holidays!$A$6:$A$58,'Cycle Calendar'!$D15)>0),"W",IF(OR($C15=6,$C15=7),"W",IF(COUNTIF(Holidays!$A$6:$A$58,'Cycle Calendar'!$D15)>0,"H","R")))) -> W | F15: =E15&C15 -> W6 | H15: CYCLE 7 | I15: =COUNTIFS($D$6:$D$505,">="&Start_Date_of_Year,$D$6:$D$505,"<="&End_Date_of_Year,$A$6:$A$505,SUBSTITUTE(H15,"CYCLE ","")) -> 28 | J15: =J14+I14 -> 46216 | K15: =J15+I15-1 -> 46243 | L15: =COUNTIFS(Holidays!$A$6:$A$58,">="&'Cycle Calendar'!J15,Holidays!$A$6:$A$58,"<="&'Cycle Calendar'!K15) -> 0
A16: =IF(Calendar_Type="Calendar-Based",MONTH(D16),INT(((ROW(A11)-1)/(Days_per_Cycle+Number_Of_Weekends)))*1+1) -> 1 | B16: =IF(A16=A15,B15+1,1) -> 11 | C16: =WEEKDAY(D16,2) -> 7 | D16: =D15+1 -> 46033 | E16: =IF(AND(OR($C16=6,$C16=7),Weekend_As_Holiday="YES",COUNTIF(Holidays!$A$6:$A$58,'Cycle Calendar'!$D16)>0),"H",IF(AND(OR($C16=6,$C16=7),Weekend_As_Holiday="NO",COUNTIF(Holidays!$A$6:$A$58,'Cycle Calendar'!$D16)>0),"W",IF(OR($C16=6,$C16=7),"W",IF(COUNTIF(Holidays!$A$6:$A$58,'Cycle Calendar'!$D16)>0,"H","R")))) -> W | F16: =E16&C16 -> W7 | H16: CYCLE 8 | I16: =COUNTIFS($D$6:$D$505,">="&Start_Date_of_Year,$D$6:$D$505,"<="&End_Date_of_Year,$A$6:$A$505,SUBSTITUTE(H16,"CYCLE ","")) -> 28 | J16: =J15+I15 -> 46244 | K16: =J16+I16-1 -> 46271 | L16: =COUNTIFS(Holidays!$A$6:$A$58,">="&'Cycle Calendar'!J16,Holidays!$A$6:$A$58,"<="&'Cycle Calendar'!K16) -> 2
A17: =IF(Calendar_Type="Calendar-Based",MONTH(D17),INT(((ROW(A12)-1)/(Days_per_Cycle+Number_Of_Weekends)))*1+1) -> 1 | B17: =IF(A17=A16,B16+1,1) -> 12 | C17: =WEEKDAY(D17,2) -> 1 | D17: =D16+1 -> 46034 | E17: =IF(AND(OR($C17=6,$C17=7),Weekend_As_Holiday="YES",COUNTIF(Holidays!$A$6:$A$58,'Cycle Calendar'!$D17)>0),"H",IF(AND(OR($C17=6,$C17=7),Weekend_As_Holiday="NO",COUNTIF(Holidays!$A$6:$A$58,'Cycle Calendar'!$D17)>0),"W",IF(OR($C17=6,$C17=7),"W",IF(COUNTIF(Holidays!$A$6:$A$58,'Cycle Calendar'!$D17)>0,"H","R")))) -> R | F17: =E17&C17 -> R1 | H17: CYCLE 9 | I17: =COUNTIFS($D$6:$D$505,">="&Start_Date_of_Year,$D$6:$D$505,"<="&End_Date_of_Year,$A$6:$A$505,SUBSTITUTE(H17,"CYCLE ","")) -> 28 | J17: =J16+I16 -> 46272 | K17: =J17+I17-1 -> 46299 | L17: =COUNTIFS(Holidays!$A$6:$A$58,">="&'Cycle Calendar'!J17,Holidays!$A$6:$A$58,"<="&'Cycle Calendar'!K17) -> 0
A18: =IF(Calendar_Type="Calendar-Based",MONTH(D18),INT(((ROW(A13)-1)/(Days_per_Cycle+Number_Of_Weekends)))*1+1) -> 1 | B18: =IF(A18=A17,B17+1,1) -> 13 | C18: =WEEKDAY(D18,2) -> 2 | D18: =D17+1 -> 46035 | E18: =IF(AND(OR($C18=6,$C18=7),Weekend_As_Holiday="YES",COUNTIF(Holidays!$A$6:$A$58,'Cycle Calendar'!$D18)>0),"H",IF(AND(OR($C18=6,$C18=7),Weekend_As_Holiday="NO",COUNTIF(Holidays!$A$6:$A$58,'Cycle Calendar'!$D18)>0),"W",IF(OR($C18=6,$C18=7),"W",IF(COUNTIF(Holidays!$A$6:$A$58,'Cycle Calendar'!$D18)>0,"H","R")))) -> R | F18: =E18&C18 -> R2 | H18: CYCLE 10 | I18: =COUNTIFS($D$6:$D$505,">="&Start_Date_of_Year,$D$6:$D$505,"<="&End_Date_of_Year,$A$6:$A$505,SUBSTITUTE(H18,"CYCLE ","")) -> 28 | J18: =J17+I17 -> 46300 | K18: =J18+I18-1 -> 46327 | L18: =COUNTIFS(Holidays!$A$6:$A$58,">="&'Cycle Calendar'!J18,Holidays!$A$6:$A$58,"<="&'Cycle Calendar'!K18) -> 1
A19: =IF(Calendar_Type="Calendar-Based",MONTH(D19),INT(((ROW(A14)-1)/(Days_per_Cycle+Number_Of_Weekends)))*1+1) -> 1 | B19: =IF(A19=A18,B18+1,1) -> 14 | C19: =WEEKDAY(D19,2) -> 3 | D19: =D18+1 -> 46036 | E19: =IF(AND(OR($C19=6,$C19=7),Weekend_As_Holiday="YES",COUNTIF(Holidays!$A$6:$A$58,'Cycle Calendar'!$D19)>0),"H",IF(AND(OR($C19=6,$C19=7),Weekend_As_Holiday="NO",COUNTIF(Holidays!$A$6:$A$58,'Cycle Calendar'!$D19)>0),"W",IF(OR($C19=6,$C19=7),"W",IF(COUNTIF(Holidays!$A$6:$A$58,'Cycle Calendar'!$D19)>0,"H","R")))) -> R | F19: =E19&C19 -> R3 | H19: CYCLE 11 | I19: =COUNTIFS($D$6:$D$505,">="&Start_Date_of_Year,$D$6:$D$505,"<="&End_Date_of_Year,$A$6:$A$505,SUBSTITUTE(H19,"CYCLE ","")) -> 28 | J19: =J18+I18 -> 46328 | K19: =J19+I19-1 -> 46355 | L19: =COUNTIFS(Holidays!$A$6:$A$58,">="&'Cycle Calendar'!J19,Holidays!$A$6:$A$58,"<="&'Cycle Calendar'!K19) -> 0
A20: =IF(Calendar_Type="Calendar-Based",MONTH(D20),INT(((ROW(A15)-1)/(Days_per_Cycle+Number_Of_Weekends)))*1+1) -> 1 | B20: =IF(A20=A19,B19+1,1) -> 15 | C20: =WEEKDAY(D20,2) -> 4 | D20: =D19+1 -> 46037 | E20: =IF(AND(OR($C20=6,$C20=7),Weekend_As_Holiday="YES",COUNTIF(Holidays!$A$6:$A$58,'Cycle Calendar'!$D20)>0),"H",IF(AND(OR($C20=6,$C20=7),Weekend_As_Holiday="NO",COUNTIF(Holidays!$A$6:$A$58,'Cycle Calendar'!$D20)>0),"W",IF(OR($C20=6,$C20=7),"W",IF(COUNTIF(Holidays!$A$6:$A$58,'Cycle Calendar'!$D20)>0,"H","R")))) -> R | F20: =E20&C20 -> R4 | H20: CYCLE 12 | I20: =COUNTIFS($D$6:$D$505,">="&Start_Date_of_Year,$D$6:$D$505,"<="&End_Date_of_Year,$A$6:$A$505,SUBSTITUTE(H20,"CYCLE ","")) -> 32 | J20: =J19+I19 -> 46356 | K20: =J20+I20-1 -> 46387 | L20: =COUNTIFS(Holidays!$A$6:$A$58,">="&'Cycle Calendar'!J20,Holidays!$A$6:$A$58,"<="&'Cycle Calendar'!K20) -> 14
A21: =IF(Calendar_Type="Calendar-Based",MONTH(D21),INT(((ROW(A16)-1)/(Days_per_Cycle+Number_Of_Weekends)))*1+1) -> 1 | B21: =IF(A21=A20,B20+1,1) -> 16 | C21: =WEEKDAY(D21,2) -> 5 | D21: =D20+1 -> 46038 | E21: =IF(AND(OR($C21=6,$C21=7),Weekend_As_Holiday="YES",COUNTIF(Holidays!$A$6:$A$58,'Cycle Calendar'!$D21)>0),"H",IF(AND(OR($C21=6,$C21=7),Weekend_As_Holiday="NO",COUNTIF(Holidays!$A$6:$A$58,'Cycle Calendar'!$D21)>0),"W",IF(OR($C21=6,$C21=7),"W",IF(COUNTIF(Holidays!$A$6:$A$58,'Cycle Calendar'!$D21)>0,"H","R")))) -> R | F21: =E21&C21 -> R5 | H21: =IF(Calendar_Type="Cycle-Based","CYCLE 13","CYCLE 1") -> CYCLE 1 | I21: =COUNTIFS($D$6:$D$505,">="&Start_Date_of_Year,$D$6:$D$505,"<="&End_Date_of_Year,$A$6:$A$505,SUBSTITUTE(H21,"CYCLE ","")) -> 32 | J21: =IF(I21=0,"",J20+I20) -> 46388 | K21: =IF(I21=0,"",J21+I21-1) -> 46419 | L21: =COUNTIFS(Holidays!$A$6:$A$58,">="&'Cycle Calendar'!J21,Holidays!$A$6:$A$58,"<="&'Cycle Calendar'!K21) -> 0
A22: =IF(Calendar_Type="Calendar-Based",MONTH(D22),INT(((ROW(A17)-1)/(Days_per_Cycle+Number_Of_Weekends)))*1+1) -> 1 | B22: =IF(A22=A21,B21+1,1) -> 17 | C22: =WEEKDAY(D22,2) -> 6 | D22: =D21+1 -> 46039 | E22: =IF(AND(OR($C22=6,$C22=7),Weekend_As_Holiday="YES",COUNTIF(Holidays!$A$6:$A$58,'Cycle Calendar'!$D22)>0),"H",IF(AND(OR($C22=6,$C22=7),Weekend_As_Holiday="NO",COUNTIF(Holidays!$A$6:$A$58,'Cycle Calendar'!$D22)>0),"W",IF(OR($C22=6,$C22=7),"W",IF(COUNTIF(Holidays!$A$6:$A$58,'Cycle Calendar'!$D22)>0,"H","R")))) -> W | F22: =E22&C22 -> W6 | H22: =IF(Calendar_Type="Cycle-Based","CYCLE 14","CYCLE 2") -> CYCLE 2 | I22: =COUNTIFS($D$6:$D$505,">="&Start_Date_of_Year,$D$6:$D$505,"<="&End_Date_of_Year,$A$6:$A$505,SUBSTITUTE(H22,"CYCLE ","")) -> 35 | J22: =IFERROR(IF(I22=0,"",J21+I21),"") -> 46420 | K22: =IFERROR(IF(I22=0,"",J22+I22-1),"") -> 46454 | L22: =COUNTIFS(Holidays!$A$6:$A$58,">="&'Cycle Calendar'!J22,Holidays!$A$6:$A$58,"<="&'Cycle Calendar'!K22) -> 0
A23: =IF(Calendar_Type="Calendar-Based",MONTH(D23),INT(((ROW(A18)-1)/(Days_per_Cycle+Number_Of_Weekends)))*1+1) -> 1 | B23: =IF(A23=A22,B22+1,1) -> 18 | C23: =WEEKDAY(D23,2) -> 7 | D23: =D22+1 -> 46040 | E23: =IF(AND(OR($C23=6,$C23=7),Weekend_As_Holiday="YES",COUNTIF(Holidays!$A$6:$A$58,'Cycle Calendar'!$D23)>0),"H",IF(AND(OR($C23=6,$C23=7),Weekend_As_Holiday="NO",COUNTIF(Holidays!$A$6:$A$58,'Cycle Calendar'!$D23)>0),"W",IF(OR($C23=6,$C23=7),"W",IF(COUNTIF(Holidays!$A$6:$A$58,'Cycle Calendar'!$D23)>0,"H","R")))) -> W | F23: =E23&C23 -> W7
A24: =IF(Calendar_Type="Calendar-Based",MONTH(D24),INT(((ROW(A19)-1)/(Days_per_Cycle+Number_Of_Weekends)))*1+1) -> 1 | B24: =IF(A24=A23,B23+1,1) -> 19 | C24: =WEEKDAY(D24,2) -> 1 | D24: =D23+1 -> 46041 | E24: =IF(AND(OR($C24=6,$C24=7),Weekend_As_Holiday="YES",COUNTIF(Holidays!$A$6:$A$58,'Cycle Calendar'!$D24)>0),"H",IF(AND(OR($C24=6,$C24=7),Weekend_As_Holiday="NO",COUNTIF(Holidays!$A$6:$A$58,'Cycle Calendar'!$D24)>0),"W",IF(OR($C24=6,$C24=7),"W",IF(COUNTIF(Holidays!$A$6:$A$58,'Cycle Calendar'!$D24)>0,"H","R")))) -> R | F24: =E24&C24 -> R1
A25: =IF(Calendar_Type="Calendar-Based",MONTH(D25),INT(((ROW(A20)-1)/(Days_per_Cycle+Number_Of_Weekends)))*1+1) -> 1 | B25: =IF(A25=A24,B24+1,1) -> 20 | C25: =WEEKDAY(D25,2) -> 2 | D25: =D24+1 -> 46042 | E25: =IF(AND(OR($C25=6,$C25=7),Weekend_As_Holiday="YES",COUNTIF(Holidays!$A$6:$A$58,'Cycle Calendar'!$D25)>0),"H",IF(AND(OR($C25=6,$C25=7),Weekend_As_Holiday="NO",COUNTIF(Holidays!$A$6:$A$58,'Cycle Calendar'!$D25)>0),"W",IF(OR($C25=6,$C25=7),"W",IF(COUNTIF(Holidays!$A$6:$A$58,'Cycle Calendar'!$D25)>0,"H","R")))) -> R | F25: =E25&C25 -> R2
A26: =IF(Calendar_Type="Calendar-Based",MONTH(D26),INT(((ROW(A21)-1)/(Days_per_Cycle+Number_Of_Weekends)))*1+1) -> 1 | B26: =IF(A26=A25,B25+1,1) -> 21 | C26: =WEEKDAY(D26,2) -> 3 | D26: =D25+1 -> 46043 | E26: =IF(AND(OR($C26=6,$C26=7),Weekend_As_Holiday="YES",COUNTIF(Holidays!$A$6:$A$58,'Cycle Calendar'!$D26)>0),"H",IF(AND(OR($C26=6,$C26=7),Weekend_As_Holiday="NO",COUNTIF(Holidays!$A$6:$A$58,'Cycle Calendar'!$D26)>0),"W",IF(OR($C26=6,$C26=7),"W",IF(COUNTIF(Holidays!$A$6:$A$58,'Cycle Calendar'!$D26)>0,"H","R")))) -> R | F26: =E26&C26 -> R3
A27: =IF(Calendar_Type="Calendar-Based",MONTH(D27),INT(((ROW(A22)-1)/(Days_per_Cycle+Number_Of_Weekends)))*1+1) -> 1 | B27: =IF(A27=A26,B26+1,1) -> 22 | C27: =WEEKDAY(D27,2) -> 4 | D27: =D26+1 -> 46044 | E27: =IF(AND(OR($C27=6,$C27=7),Weekend_As_Holiday="YES",COUNTIF(Holidays!$A$6:$A$58,'Cycle Calendar'!$D27)>0),"H",IF(AND(OR($C27=6,$C27=7),Weekend_As_Holiday="NO",COUNTIF(Holidays!$A$6:$A$58,'Cycle Calendar'!$D27)>0),"W",IF(OR($C27=6,$C27=7),"W",IF(COUNTIF(Holidays!$A$6:$A$58,'Cycle Calendar'!$D27)>0,"H","R")))) -> R | F27: =E27&C27 -> R4
A28: =IF(Calendar_Type="Calendar-Based",MONTH(D28),INT(((ROW(A23)-1)/(Days_per_Cycle+Number_Of_Weekends)))*1+1) -> 1 | B28: =IF(A28=A27,B27+1,1) -> 23 | C28: =WEEKDAY(D28,2) -> 5 | D28: =D27+1 -> 46045 | E28: =IF(AND(OR($C28=6,$C28=7),Weekend_As_Holiday="YES",COUNTIF(Holidays!$A$6:$A$58,'Cycle Calendar'!$D28)>0),"H",IF(AND(OR($C28=6,$C28=7),Weekend_As_Holiday="NO",COUNTIF(Holidays!$A$6:$A$58,'Cycle Calendar'!$D28)>0),"W",IF(OR($C28=6,$C28=7),"W",IF(COUNTIF(Holidays!$A$6:$A$58,'Cycle Calendar'!$D28)>0,"H","R")))) -> R | F28: =E28&C28 -> R5
A29: =IF(Calendar_Type="Calendar-Based",MONTH(D29),INT(((ROW(A24)-1)/(Days_per_Cycle+Number_Of_Weekends)))*1+1) -> 1 | B29: =IF(A29=A28,B28+1,1) -> 24 | C29: =WEEKDAY(D29,2) -> 6 | D29: =D28+1 -> 46046 | E29: =IF(AND(OR($C29=6,$C29=7),Weekend_As_Holiday="YES",COUNTIF(Holidays!$A$6:$A$58,'Cycle Calendar'!$D29)>0),"H",IF(AND(OR($C29=6,$C29=7),Weekend_As_Holiday="NO",COUNTIF(Holidays!$A$6:$A$58,'Cycle Calendar'!$D29)>0),"W",IF(OR($C29=6,$C29=7),"W",IF(COUNTIF(Holidays!$A$6:$A$58,'Cycle Calendar'!$D29)>0,"H","R")))) -> W | F29: =E29&C29 -> W6
A30: =IF(Calendar_Type="Calendar-Based",MONTH(D30),INT(((ROW(A25)-1)/(Days_per_Cycle+Number_Of_Weekends)))*1+1) -> 1 | B30: =IF(A30=A29,B29+1,1) -> 25 | C30: =WEEKDAY(D30,2) -> 7 | D30: =D29+1 -> 46047 | E30: =IF(AND(OR($C30=6,$C30=7),Weekend_As_Holiday="YES",COUNTIF(Holidays!$A$6:$A$58,'Cycle Calendar'!$D30)>0),"H",IF(AND(OR($C30=6,$C30=7),Weekend_As_Holiday="NO",COUNTIF(Holidays!$A$6:$A$58,'Cycle Calendar'!$D30)>0),"W",IF(OR($C30=6,$C30=7),"W",IF(COUNTIF(Holidays!$A$6:$A$58,'Cycle Calendar'!$D30)>0,"H","R")))) -> W | F30: =E30&C30 -> W7
A31: =IF(Calendar_Type="Calendar-Based",MONTH(D31),INT(((ROW(A26)-1)/(Days_per_Cycle+Number_Of_Weekends)))*1+1) -> 1 | B31: =IF(A31=A30,B30+1,1) -> 26 | C31: =WEEKDAY(D31,2) -> 1 | D31: =D30+1 -> 46048 | E31: =IF(AND(OR($C31=6,$C31=7),Weekend_As_Holiday="YES",COUNTIF(Holidays!$A$6:$A$58,'Cycle Calendar'!$D31)>0),"H",IF(AND(OR($C31=6,$C31=7),Weekend_As_Holiday="NO",COUNTIF(Holidays!$A$6:$A$58,'Cycle Calendar'!$D31)>0),"W",IF(OR($C31=6,$C31=7),"W",IF(COUNTIF(Holidays!$A$6:$A$58,'Cycle Calendar'!$D31)>0,"H","R")))) -> R | F31: =E31&C31 -> R1
A32: =IF(Calendar_Type="Calendar-Based",MONTH(D32),INT(((ROW(A27)-1)/(Days_per_Cycle+Number_Of_Weekends)))*1+1) -> 1 | B32: =IF(A32=A31,B31+1,1) -> 27 | C32: =WEEKDAY(D32,2) -> 2 | D32: =D31+1 -> 46049 | E32: =IF(AND(OR($C32=6,$C32=7),Weekend_As_Holiday="YES",COUNTIF(Holidays!$A$6:$A$58,'Cycle Calendar'!$D32)>0),"H",IF(AND(OR($C32=6,$C32=7),Weekend_As_Holiday="NO",COUNTIF(Holidays!$A$6:$A$58,'Cycle Calendar'!$D32)>0),"W",IF(OR($C32=6,$C32=7),"W",IF(COUNTIF(Holidays!$A$6:$A$58,'Cycle Calendar'!$D32)>0,"H","R")))) -> R | F32: =E32&C32 -> R2
A33: =IF(Calendar_Type="Calendar-Based",MONTH(D33),INT(((ROW(A28)-1)/(Days_per_Cycle+Number_Of_Weekends)))*1+1) -> 1 | B33: =IF(A33=A32,B32+1,1) -> 28 | C33: =WEEKDAY(D33,2) -> 3 | D33: =D32+1 -> 46050 | E33: =IF(AND(OR($C33=6,$C33=7),Weekend_As_Holiday="YES",COUNTIF(Holidays!$A$6:$A$58,'Cycle Calendar'!$D33)>0),"H",IF(AND(OR($C33=6,$C33=7),Weekend_As_Holiday="NO",COUNTIF(Holidays!$A$6:$A$58,'Cycle Calendar'!$D33)>0),"W",IF(OR($C33=6,$C33=7),"W",IF(COUNTIF(Holidays!$A$6:$A$58,'Cycle Calendar'!$D33)>0,"H","R")))) -> R | F33: =E33&C33 -> R3
A34: =IF(Calendar_Type="Calendar-Based",MONTH(D34),INT(((ROW(A29)-1)/(Days_per_Cycle+Number_Of_Weekends)))*1+1) -> 1 | B34: =IF(A34=A33,B33+1,1) -> 29 | C34: =WEEKDAY(D34,2) -> 4 | D34: =D33+1 -> 46051 | E34: =IF(AND(OR($C34=6,$C34=7),Weekend_As_Holiday="YES",COUNTIF(Holidays!$A$6:$A$58,'Cycle Calendar'!$D34)>0),"H",IF(AND(OR($C34=6,$C34=7),Weekend_As_Holiday="NO",COUNTIF(Holidays!$A$6:$A$58,'Cycle Calendar'!$D34)>0),"W",IF(OR($C34=6,$C34=7),"W",IF(COUNTIF(Holidays!$A$6:$A$58,'Cycle Calendar'!$D34)>0,"H","R")))) -> R | F34: =E34&C34 -> R4
... A36: =IF(Calendar_Type="Calendar-Based",MONTH(D36),INT(((ROW(A31)-1)/(Days_per_Cycle+Number_Of_Weekends)))*1+1) -> 1 | B36: =IF(A36=A35,B35+1,1) -> 31 | C36: =WEEKDAY(D36,2) -> 6 | D36: =D35+1 -> 46053 | E36: =IF(AND(OR($C36=6,$C36=7),Weekend_As_Holiday="YES",COUNTIF(Holidays!$A$6:$A$58,'Cycle Calendar'!$D36)>0),"H",IF(AND(OR($C36=6,$C36=7),Weekend_As_Holiday="NO",COUNTIF(Holidays!$A$6:$A$58,'Cycle Calendar'!$D36)>0),"W",IF(OR($C36=6,$C36=7),"W",IF(COUNTIF(Holidays!$A$6:$A$58,'Cycle Calendar'!$D36)>0,"H","R")))) -> W | F36: =E36&C36 -> W6
A37: 1 | B37: =IF(A37=A36,B36+1,1) -> 32 | C37: =WEEKDAY(D37,2) -> 7 | D37: =D36+1 -> 46054 | E37: =IF(AND(OR($C37=6,$C37=7),Weekend_As_Holiday="YES",COUNTIF(Holidays!$A$6:$A$58,'Cycle Calendar'!$D37)>0),"H",IF(AND(OR($C37=6,$C37=7),Weekend_As_Holiday="NO",COUNTIF(Holidays!$A$6:$A$58,'Cycle Calendar'!$D37)>0),"W",IF(OR($C37=6,$C37=7),"W",IF(COUNTIF(Holidays!$A$6:$A$58,'Cycle Calendar'!$D37)>0,"H","R")))) -> W | F37: =E37&C37 -> W7
A38: =IF(Calendar_Type="Calendar-Based",MONTH(D38),INT(((ROW(A33)-1)/(Days_per_Cycle+Number_Of_Weekends)))*1+1) -> 2 | B38: =IF(A38=A37,B37+1,1) -> 1 | C38: =WEEKDAY(D38,2) -> 1 | D38: =D37+1 -> 46055 | E38: =IF(AND(OR($C38=6,$C38=7),Weekend_As_Holiday="YES",COUNTIF(Holidays!$A$6:$A$58,'Cycle Calendar'!$D38)>0),"H",IF(AND(OR($C38=6,$C38=7),Weekend_As_Holiday="NO",COUNTIF(Holidays!$A$6:$A$58,'Cycle Calendar'!$D38)>0),"W",IF(OR($C38=6,$C38=7),"W",IF(COUNTIF(Holidays!$A$6:$A$58,'Cycle Calendar'!$D38)>0,"H","R")))) -> H | F38: =E38&C38 -> H1
A39: =IF(Calendar_Type="Calendar-Based",MONTH(D39),INT(((ROW(A34)-1)/(Days_per_Cycle+Number_Of_Weekends)))*1+1) -> 2 | B39: =IF(A39=A38,B38+1,1) -> 2 | C39: =WEEKDAY(D39,2) -> 2 | D39: =D38+1 -> 46056 | E39: =IF(AND(OR($C39=6,$C39=7),Weekend_As_Holiday="YES",COUNTIF(Holidays!$A$6:$A$58,'Cycle Calendar'!$D39)>0),"H",IF(AND(OR($C39=6,$C39=7),Weekend_As_Holiday="NO",COUNTIF(Holidays!$A$6:$A$58,'Cycle Calendar'!$D39)>0),"W",IF(OR($C39=6,$C39=7),"W",IF(COUNTIF(Holidays!$A$6:$A$58,'Cycle Calendar'!$D39)>0,"H","R")))) -> H | F39: =E39&C39 -> H2
A40: =IF(Calendar_Type="Calendar-Based",MONTH(D40),INT(((ROW(A35)-1)/(Days_per_Cycle+Number_Of_Weekends)))*1+1) -> 2 | B40: =IF(A40=A39,B39+1,1) -> 3 | C40: =WEEKDAY(D40,2) -> 3 | D40: =D39+1 -> 46057 | E40: =IF(AND(OR($C40=6,$C40=7),Weekend_As_Holiday="YES",COUNTIF(Holidays!$A$6:$A$58,'Cycle Calendar'!$D40)>0),"H",IF(AND(OR($C40=6,$C40=7),Weekend_As_Holiday="NO",COUNTIF(Holidays!$A$6:$A$58,'Cycle Calendar'!$D40)>0),"W",IF(OR($C40=6,$C40=7),"W",IF(COUNTIF(Holidays!$A$6:$A$58,'Cycle Calendar'!$D40)>0,"H","R")))) -> H | F40: =E40&C40 -> H3
A41: =IF(Calendar_Type="Calendar-Based",MONTH(D41),INT(((ROW(A36)-1)/(Days_per_Cycle+Number_Of_Weekends)))*1+1) -> 2 | B41: =IF(A41=A40,B40+1,1) -> 4 | C41: =WEEKDAY(D41,2) -> 4 | D41: =D40+1 -> 46058 | E41: =IF(AND(OR($C41=6,$C41=7),Weekend_As_Holiday="YES",COUNTIF(Holidays!$A$6:$A$58,'Cycle Calendar'!$D41)>0),"H",IF(AND(OR($C41=6,$C41=7),Weekend_As_Holiday="NO",COUNTIF(Holidays!$A$6:$A$58,'Cycle Calendar'!$D41)>0),"W",IF(OR($C41=6,$C41=7),"W",IF(COUNTIF(Holidays!$A$6:$A$58,'Cycle Calendar'!$D41)>0,"H","R")))) -> H | F41: =E41&C41 -> H4
A42: =IF(Calendar_Type="Calendar-Based",MONTH(D42),INT(((ROW(A37)-1)/(Days_per_Cycle+Number_Of_Weekends)))*1+1) -> 2 | B42: =IF(A42=A41,B41+1,1) -> 5 | C42: =WEEKDAY(D42,2) -> 5 | D42: =D41+1 -> 46059 | E42: =IF(AND(OR($C42=6,$C42=7),Weekend_As_Holiday="YES",COUNTIF(Holidays!$A$6:$A$58,'Cycle Calendar'!$D42)>0),"H",IF(AND(OR($C42=6,$C42=7),Weekend_As_Holiday="NO",COUNTIF(Holidays!$A$6:$A$58,'Cycle Calendar'!$D42)>0),"W",IF(OR($C42=6,$C42=7),"W",IF(COUNTIF(Holidays!$A$6:$A$58,'Cycle Calendar'!$D42)>0,"H","R")))) -> H | F42: =E42&C42 -> H5
A43: =IF(Calendar_Type="Calendar-Based",MONTH(D43),INT(((ROW(A38)-1)/(Days_per_Cycle+Number_Of_Weekends)))*1+1) -> 2 | B43: =IF(A43=A42,B42+1,1) -> 6 | C43: =WEEKDAY(D43,2) -> 6 | D43: =D42+1 -> 46060 | E43: =IF(AND(OR($C43=6,$C43=7),Weekend_As_Holiday="YES",COUNTIF(Holidays!$A$6:$A$58,'Cycle Calendar'!$D43)>0),"H",IF(AND(OR($C43=6,$C43=7),Weekend_As_Holiday="NO",COUNTIF(Holidays!$A$6:$A$58,'Cycle Calendar'!$D43)>0),"W",IF(OR($C43=6,$C43=7),"W",IF(COUNTIF(Holidays!$A$6:$A$58,'Cycle Calendar'!$D43)>0,"H","R")))) -> W | F43: =E43&C43 -> W6
A44: =IF(Calendar_Type="Calendar-Based",MONTH(D44),INT(((ROW(A39)-1)/(Days_per_Cycle+Number_Of_Weekends)))*1+1) -> 2 | B44: =IF(A44=A43,B43+1,1) -> 7 | C44: =WEEKDAY(D44,2) -> 7 | D44: =D43+1 -> 46061 | E44: =IF(AND(OR($C44=6,$C44=7),Weekend_As_Holiday="YES",COUNTIF(Holidays!$A$6:$A$58,'Cycle Calendar'!$D44)>0),"H",IF(AND(OR($C44=6,$C44=7),Weekend_As_Holiday="NO",COUNTIF(Holidays!$A$6:$A$58,'Cycle Calendar'!$D44)>0),"W",IF(OR($C44=6,$C44=7),"W",IF(COUNTIF(Holidays!$A$6:$A$58,'Cycle Calendar'!$D44)>0,"H","R")))) -> W | F44: =E44&C44 -> W7
A45: =IF(Calendar_Type="Calendar-Based",MONTH(D45),INT(((ROW(A40)-1)/(Days_per_Cycle+Number_Of_Weekends)))*1+1) -> 2 | B45: =IF(A45=A44,B44+1,1) -> 8 | C45: =WEEKDAY(D45,2) -> 1 | D45: =D44+1 -> 46062 | E45: =IF(AND(OR($C45=6,$C45=7),Weekend_As_Holiday="YES",COUNTIF(Holidays!$A$6:$A$58,'Cycle Calendar'!$D45)>0),"H",IF(AND(OR($C45=6,$C45=7),Weekend_As_Holiday="NO",COUNTIF(Holidays!$A$6:$A$58,'Cycle Calendar'!$D45)>0),"W",IF(OR($C45=6,$C45=7),"W",IF(COUNTIF(Holidays!$A$6:$A$58,'Cycle Calendar'!$D45)>0,"H","R")))) -> R | F45: =E45&C45 -> R1
A46: =IF(Calendar_Type="Calendar-Based",MONTH(D46),INT(((ROW(A41)-1)/(Days_per_Cycle+Number_Of_Weekends)))*1+1) -> 2 | B46: =IF(A46=A45,B45+1,1) -> 9 | C46: =WEEKDAY(D46,2) -> 2 | D46: =D45+1 -> 46063 | E46: =IF(AND(OR($C46=6,$C46=7),Weekend_As_Holiday="YES",COUNTIF(Holidays!$A$6:$A$58,'Cycle Calendar'!$D46)>0),"H",IF(AND(OR($C46=6,$C46=7),Weekend_As_Holiday="NO",COUNTIF(Holidays!$A$6:$A$58,'Cycle Calendar'!$D46)>0),"W",IF(OR($C46=6,$C46=7),"W",IF(COUNTIF(Holidays!$A$6:$A$58,'Cycle Calendar'!$D46)>0,"H","R")))) -> R | F46: =E46&C46 -> R2
A47: =IF(Calendar_Type="Calendar-Based",MONTH(D47),INT(((ROW(A42)-1)/(Days_per_Cycle+Number_Of_Weekends)))*1+1) -> 2 | B47: =IF(A47=A46,B46+1,1) -> 10 | C47: =WEEKDAY(D47,2) -> 3 | D47: =D46+1 -> 46064 | E47: =IF(AND(OR($C47=6,$C47=7),Weekend_As_Holiday="YES",COUNTIF(Holidays!$A$6:$A$58,'Cycle Calendar'!$D47)>0),"H",IF(AND(OR($C47=6,$C47=7),Weekend_As_Holiday="NO",COUNTIF(Holidays!$A$6:$A$58,'Cycle Calendar'!$D47)>0),"W",IF(OR($C47=6,$C47=7),"W",IF(COUNTIF(Holidays!$A$6:$A$58,'Cycle Calendar'!$D47)>0,"H","R")))) -> R | F47: =E47&C47 -> R3
A48: =IF(Calendar_Type="Calendar-Based",MONTH(D48),INT(((ROW(A43)-1)/(Days_per_Cycle+Number_Of_Weekends)))*1+1) -> 2 | B48: =IF(A48=A47,B47+1,1) -> 11 | C48: =WEEKDAY(D48,2) -> 4 | D48: =D47+1 -> 46065 | E48: =IF(AND(OR($C48=6,$C48=7),Weekend_As_Holiday="YES",COUNTIF(Holidays!$A$6:$A$58,'Cycle Calendar'!$D48)>0),"H",IF(AND(OR($C48=6,$C48=7),Weekend_As_Holiday="NO",COUNTIF(Holidays!$A$6:$A$58,'Cycle Calendar'!$D48)>0),"W",IF(OR($C48=6,$C48=7),"W",IF(COUNTIF(Holidays!$A$6:$A$58,'Cycle Calendar'!$D48)>0,"H","R")))) -> R | F48: =E48&C48 -> R4
A49: =IF(Calendar_Type="Calendar-Based",MONTH(D49),INT(((ROW(A44)-1)/(Days_per_Cycle+Number_Of_Weekends)))*1+1) -> 2 | B49: =IF(A49=A48,B48+1,1) -> 12 | C49: =WEEKDAY(D49,2) -> 5 | D49: =D48+1 -> 46066 | E49: =IF(AND(OR($C49=6,$C49=7),Weekend_As_Holiday="YES",COUNTIF(Holidays!$A$6:$A$58,'Cycle Calendar'!$D49)>0),"H",IF(AND(OR($C49=6,$C49=7),Weekend_As_Holiday="NO",COUNTIF(Holidays!$A$6:$A$58,'Cycle Calendar'!$D49)>0),"W",IF(OR($C49=6,$C49=7),"W",IF(COUNTIF(Holidays!$A$6:$A$58,'Cycle Calendar'!$D49)>0,"H","R")))) -> R | F49: =E49&C49 -> R5
... A64: =IF(Calendar_Type="Calendar-Based",MONTH(D64),INT(((ROW(A59)-1)/(Days_per_Cycle+Number_Of_Weekends)))*1+1) -> 2 | B64: =IF(A64=A63,B63+1,1) -> 27 | C64: =WEEKDAY(D64,2) -> 6 | D64: =D63+1 -> 46081 | E64: =IF(AND(OR($C64=6,$C64=7),Weekend_As_Holiday="YES",COUNTIF(Holidays!$A$6:$A$58,'Cycle Calendar'!$D64)>0),"H",IF(AND(OR($C64=6,$C64=7),Weekend_As_Holiday="NO",COUNTIF(Holidays!$A$6:$A$58,'Cycle Calendar'!$D64)>0),"W",IF(OR($C64=6,$C64=7),"W",IF(COUNTIF(Holidays!$A$6:$A$58,'Cycle Calendar'!$D64)>0,"H","R")))) -> W | F64: =E64&C64 -> W6
A65: 2 | B65: =IF(A65=A64,B64+1,1) -> 28 | C65: =WEEKDAY(D65,2) -> 7 | D65: =D64+1 -> 46082 | E65: =IF(AND(OR($C65=6,$C65=7),Weekend_As_Holiday="YES",COUNTIF(Holidays!$A$6:$A$58,'Cycle Calendar'!$D65)>0),"H",IF(AND(OR($C65=6,$C65=7),Weekend_As_Holiday="NO",COUNTIF(Holidays!$A$6:$A$58,'Cycle Calendar'!$D65)>0),"W",IF(OR($C65=6,$C65=7),"W",IF(COUNTIF(Holidays!$A$6:$A$58,'Cycle Calendar'!$D65)>0,"H","R")))) -> W | F65: =E65&C65 -> W7
A66: 2 | B66: =IF(A66=A65,B65+1,1) -> 29 | C66: =WEEKDAY(D66,2) -> 1 | D66: =D65+1 -> 46083 | E66: =IF(AND(OR($C66=6,$C66=7),Weekend_As_Holiday="YES",COUNTIF(Holidays!$A$6:$A$58,'Cycle Calendar'!$D66)>0),"H",IF(AND(OR($C66=6,$C66=7),Weekend_As_Holiday="NO",COUNTIF(Holidays!$A$6:$A$58,'Cycle Calendar'!$D66)>0),"W",IF(OR($C66=6,$C66=7),"W",IF(COUNTIF(Holidays!$A$6:$A$58,'Cycle Calendar'!$D66)>0,"H","R")))) -> R | F66: =E66&C66 -> R1
A67: 2 | B67: =IF(A67=A66,B66+1,1) -> 30 | C67: =WEEKDAY(D67,2) -> 2 | D67: =D66+1 -> 46084 | E67: =IF(AND(OR($C67=6,$C67=7),Weekend_As_Holiday="YES",COUNTIF(Holidays!$A$6:$A$58,'Cycle Calendar'!$D67)>0),"H",IF(AND(OR($C67=6,$C67=7),Weekend_As_Holiday="NO",COUNTIF(Holidays!$A$6:$A$58,'Cycle Calendar'!$D67)>0),"W",IF(OR($C67=6,$C67=7),"W",IF(COUNTIF(Holidays!$A$6:$A$58,'Cycle Calendar'!$D67)>0,"H","R")))) -> R | F67: =E67&C67 -> R2
A68: 2 | B68: =IF(A68=A67,B67+1,1) -> 31 | C68: =WEEKDAY(D68,2) -> 3 | D68: =D67+1 -> 46085 | E68: =IF(AND(OR($C68=6,$C68=7),Weekend_As_Holiday="YES",COUNTIF(Holidays!$A$6:$A$58,'Cycle Calendar'!$D68)>0),"H",IF(AND(OR($C68=6,$C68=7),Weekend_As_Holiday="NO",COUNTIF(Holidays!$A$6:$A$58,'Cycle Calendar'!$D68)>0),"W",IF(OR($C68=6,$C68=7),"W",IF(COUNTIF(Holidays!$A$6:$A$58,'Cycle Calendar'!$D68)>0,"H","R")))) -> R | F68: =E68&C68 -> R3
A69: 2 | B69: =IF(A69=A68,B68+1,1) -> 32 | C69: =WEEKDAY(D69,2) -> 4 | D69: =D68+1 -> 46086 | E69: =IF(AND(OR($C69=6,$C69=7),Weekend_As_Holiday="YES",COUNTIF(Holidays!$A$6:$A$58,'Cycle Calendar'!$D69)>0),"H",IF(AND(OR($C69=6,$C69=7),Weekend_As_Holiday="NO",COUNTIF(Holidays!$A$6:$A$58,'Cycle Calendar'!$D69)>0),"W",IF(OR($C69=6,$C69=7),"W",IF(COUNTIF(Holidays!$A$6:$A$58,'Cycle Calendar'!$D69)>0,"H","R")))) -> R | F69: =E69&C69 -> R4
A70: 2 | B70: =IF(A70=A69,B69+1,1) -> 33 | C70: =WEEKDAY(D70,2) -> 5 | D70: =D69+1 -> 46087 | E70: =IF(AND(OR($C70=6,$C70=7),Weekend_As_Holiday="YES",COUNTIF(Holidays!$A$6:$A$58,'Cycle Calendar'!$D70)>0),"H",IF(AND(OR($C70=6,$C70=7),Weekend_As_Holiday="NO",COUNTIF(Holidays!$A$6:$A$58,'Cycle Calendar'!$D70)>0),"W",IF(OR($C70=6,$C70=7),"W",IF(COUNTIF(Holidays!$A$6:$A$58,'Cycle Calendar'!$D70)>0,"H","R")))) -> R | F70: =E70&C70 -> R5
A71: 2 | B71: =IF(A71=A70,B70+1,1) -> 34 | C71: =WEEKDAY(D71,2) -> 6 | D71: =D70+1 -> 46088 | E71: =IF(AND(OR($C71=6,$C71=7),Weekend_As_Holiday="YES",COUNTIF(Holidays!$A$6:$A$58,'Cycle Calendar'!$D71)>0),"H",IF(AND(OR($C71=6,$C71=7),Weekend_As_Holiday="NO",COUNTIF(Holidays!$A$6:$A$58,'Cycle Calendar'!$D71)>0),"W",IF(OR($C71=6,$C71=7),"W",IF(COUNTIF(Holidays!$A$6:$A$58,'Cycle Calendar'!$D71)>0,"H","R")))) -> W | F71: =E71&C71 -> W6
A72: 2 | B72: =IF(A72=A71,B71+1,1) -> 35 | C72: =WEEKDAY(D72,2) -> 7 | D72: =D71+1 -> 46089 | E72: =IF(AND(OR($C72=6,$C72=7),Weekend_As_Holiday="YES",COUNTIF(Holidays!$A$6:$A$58,'Cycle Calendar'!$D72)>0),"H",IF(AND(OR($C72=6,$C72=7),Weekend_As_Holiday="NO",COUNTIF(Holidays!$A$6:$A$58,'Cycle Calendar'!$D72)>0),"W",IF(OR($C72=6,$C72=7),"W",IF(COUNTIF(Holidays!$A$6:$A$58,'Cycle Calendar'!$D72)>0,"H","R")))) -> W | F72: =E72&C72 -> W7
A73: =IF(Calendar_Type="Calendar-Based",MONTH(D73),INT(((ROW(A68)-1)/(Days_per_Cycle+Number_Of_Weekends)))*1+1) -> 3 | B73: =IF(A73=A72,B72+1,1) -> 1 | C73: =WEEKDAY(D73,2) -> 1 | D73: =D72+1 -> 46090 | E73: =IF(AND(OR($C73=6,$C73=7),Weekend_As_Holiday="YES",COUNTIF(Holidays!$A$6:$A$58,'Cycle Calendar'!$D73)>0),"H",IF(AND(OR($C73=6,$C73=7),Weekend_As_Holiday="NO",COUNTIF(Holidays!$A$6:$A$58,'Cycle Calendar'!$D73)>0),"W",IF(OR($C73=6,$C73=7),"W",IF(COUNTIF(Holidays!$A$6:$A$58,'Cycle Calendar'!$D73)>0,"H","R")))) -> R | F73: =E73&C73 -> R1
A74: =IF(Calendar_Type="Calendar-Based",MONTH(D74),INT(((ROW(A69)-1)/(Days_per_Cycle+Number_Of_Weekends)))*1+1) -> 3 | B74: =IF(A74=A73,B73+1,1) -> 2 | C74: =WEEKDAY(D74,2) -> 2 | D74: =D73+1 -> 46091 | E74: =IF(AND(OR($C74=6,$C74=7),Weekend_As_Holiday="YES",COUNTIF(Holidays!$A$6:$A$58,'Cycle Calendar'!$D74)>0),"H",IF(AND(OR($C74=6,$C74=7),Weekend_As_Holiday="NO",COUNTIF(Holidays!$A$6:$A$58,'Cycle Calendar'!$D74)>0),"W",IF(OR($C74=6,$C74=7),"W",IF(COUNTIF(Holidays!$A$6:$A$58,'Cycle Calendar'!$D74)>0,"H","R")))) -> R | F74: =E74&C74 -> R2
A75: =IF(Calendar_Type="Calendar-Based",MONTH(D75),INT(((ROW(A70)-1)/(Days_per_Cycle+Number_Of_Weekends)))*1+1) -> 3 | B75: =IF(A75=A74,B74+1,1) -> 3 | C75: =WEEKDAY(D75,2) -> 3 | D75: =D74+1 -> 46092 | E75: =IF(AND(OR($C75=6,$C75=7),Weekend_As_Holiday="YES",COUNTIF(Holidays!$A$6:$A$58,'Cycle Calendar'!$D75)>0),"H",IF(AND(OR($C75=6,$C75=7),Weekend_As_Holiday="NO",COUNTIF(Holidays!$A$6:$A$58,'Cycle Calendar'!$D75)>0),"W",IF(OR($C75=6,$C75=7),"W",IF(COUNTIF(Holidays!$A$6:$A$58,'Cycle Calendar'!$D75)>0,"H","R")))) -> R | F75: =E75&C75 -> R3
A76: =IF(Calendar_Type="Calendar-Based",MONTH(D76),INT(((ROW(A71)-1)/(Days_per_Cycle+Number_Of_Weekends)))*1+1) -> 3 | B76: =IF(A76=A75,B75+1,1) -> 4 | C76: =WEEKDAY(D76,2) -> 4 | D76: =D75+1 -> 46093 | E76: =IF(AND(OR($C76=6,$C76=7),Weekend_As_Holiday="YES",COUNTIF(Holidays!$A$6:$A$58,'Cycle Calendar'!$D76)>0),"H",IF(AND(OR($C76=6,$C76=7),Weekend_As_Holiday="NO",COUNTIF(Holidays!$A$6:$A$58,'Cycle Calendar'!$D76)>0),"W",IF(OR($C76=6,$C76=7),"W",IF(COUNTIF(Holidays!$A$6:$A$58,'Cycle Calendar'!$D76)>0,"H","R")))) -> R | F76: =E76&C76 -> R4
A77: =IF(Calendar_Type="Calendar-Based",MONTH(D77),INT(((ROW(A72)-1)/(Days_per_Cycle+Number_Of_Weekends)))*1+1) -> 3 | B77: =IF(A77=A76,B76+1,1) -> 5 | C77: =WEEKDAY(D77,2) -> 5 | D77: =D76+1 -> 46094 | E77: =IF(AND(OR($C77=6,$C77=7),Weekend_As_Holiday="YES",COUNTIF(Holidays!$A$6:$A$58,'Cycle Calendar'!$D77)>0),"H",IF(AND(OR($C77=6,$C77=7),Weekend_As_Holiday="NO",COUNTIF(Holidays!$A$6:$A$58,'Cycle Calendar'!$D77)>0),"W",IF(OR($C77=6,$C77=7),"W",IF(COUNTIF(Holidays!$A$6:$A$58,'Cycle Calendar'!$D77)>0,"H","R")))) -> R | F77: =E77&C77 -> R5
A78: =IF(Calendar_Type="Calendar-Based",MONTH(D78),INT(((ROW(A73)-1)/(Days_per_Cycle+Number_Of_Weekends)))*1+1) -> 3 | B78: =IF(A78=A77,B77+1,1) -> 6 | C78: =WEEKDAY(D78,2) -> 6 | D78: =D77+1 -> 46095 | E78: =IF(AND(OR($C78=6,$C78=7),Weekend_As_Holiday="YES",COUNTIF(Holidays!$A$6:$A$58,'Cycle Calendar'!$D78)>0),"H",IF(AND(OR($C78=6,$C78=7),Weekend_As_Holiday="NO",COUNTIF(Holidays!$A$6:$A$58,'Cycle Calendar'!$D78)>0),"W",IF(OR($C78=6,$C78=7),"W",IF(COUNTIF(Holidays!$A$6:$A$58,'Cycle Calendar'!$D78)>0,"H","R")))) -> W | F78: =E78&C78 -> W6
A79: =IF(Calendar_Type="Calendar-Based",MONTH(D79),INT(((ROW(A74)-1)/(Days_per_Cycle+Number_Of_Weekends)))*1+1) -> 3 | B79: =IF(A79=A78,B78+1,1) -> 7 | C79: =WEEKDAY(D79,2) -> 7 | D79: =D78+1 -> 46096 | E79: =IF(AND(OR($C79=6,$C79=7),Weekend_As_Holiday="YES",COUNTIF(Holidays!$A$6:$A$58,'Cycle Calendar'!$D79)>0),"H",IF(AND(OR($C79=6,$C79=7),Weekend_As_Holiday="NO",COUNTIF(Holidays!$A$6:$A$58,'Cycle Calendar'!$D79)>0),"W",IF(OR($C79=6,$C79=7),"W",IF(COUNTIF(Holidays!$A$6:$A$58,'Cycle Calendar'!$D79)>0,"H","R")))) -> W | F79: =E79&C79 -> W7
A80: =IF(Calendar_Type="Calendar-Based",MONTH(D80),INT(((ROW(A75)-1)/(Days_per_Cycle+Number_Of_Weekends)))*1+1) -> 3 | B80: =IF(A80=A79,B79+1,1) -> 8 | C80: =WEEKDAY(D80,2) -> 1 | D80: =D79+1 -> 46097 | E80: =IF(AND(OR($C80=6,$C80=7),Weekend_As_Holiday="YES",COUNTIF(Holidays!$A$6:$A$58,'Cycle Calendar'!$D80)>0),"H",IF(AND(OR($C80=6,$C80=7),Weekend_As_Holiday="NO",COUNTIF(Holidays!$A$6:$A$58,'Cycle Calendar'!$D80)>0),"W",IF(OR($C80=6,$C80=7),"W",IF(COUNTIF(Holidays!$A$6:$A$58,'Cycle Calendar'!$D80)>0,"H","R")))) -> R | F80: =E80&C80 -> R1
A81: =IF(Calendar_Type="Calendar-Based",MONTH(D81),INT(((ROW(A76)-1)/(Days_per_Cycle+Number_Of_Weekends)))*1+1) -> 3 | B81: =IF(A81=A80,B80+1,1) -> 9 | C81: =WEEKDAY(D81,2) -> 2 | D81: =D80+1 -> 46098 | E81: =IF(AND(OR($C81=6,$C81=7),Weekend_As_Holiday="YES",COUNTIF(Holidays!$A$6:$A$58,'Cycle Calendar'!$D81)>0),"H",IF(AND(OR($C81=6,$C81=7),Weekend_As_Holiday="NO",COUNTIF(Holidays!$A$6:$A$58,'Cycle Calendar'!$D81)>0),"W",IF(OR($C81=6,$C81=7),"W",IF(COUNTIF(Holidays!$A$6:$A$58,'Cycle Calendar'!$D81)>0,"H","R")))) -> R | F81: =E81&C81 -> R2
A82: =IF(Calendar_Type="Calendar-Based",MONTH(D82),INT(((ROW(A77)-1)/(Days_per_Cycle+Number_Of_Weekends)))*1+1) -> 3 | B82: =IF(A82=A81,B81+1,1) -> 10 | C82: =WEEKDAY(D82,2) -> 3 | D82: =D81+1 -> 46099 | E82: =IF(AND(OR($C82=6,$C82=7),Weekend_As_Holiday="YES",COUNTIF(Holidays!$A$6:$A$58,'Cycle Calendar'!$D82)>0),"H",IF(AND(OR($C82=6,$C82=7),Weekend_As_Holiday="NO",COUNTIF(Holidays!$A$6:$A$58,'Cycle Calendar'!$D82)>0),"W",IF(OR($C82=6,$C82=7),"W",IF(COUNTIF(Holidays!$A$6:$A$58,'Cycle Calendar'!$D82)>0,"H","R")))) -> R | F82: =E82&C82 -> R3
A83: =IF(Calendar_Type="Calendar-Based",MONTH(D83),INT(((ROW(A78)-1)/(Days_per_Cycle+Number_Of_Weekends)))*1+1) -> 3 | B83: =IF(A83=A82,B82+1,1) -> 11 | C83: =WEEKDAY(D83,2) -> 4 | D83: =D82+1 -> 46100 | E83: =IF(AND(OR($C83=6,$C83=7),Weekend_As_Holiday="YES",COUNTIF(Holidays!$A$6:$A$58,'Cycle Calendar'!$D83)>0),"H",IF(AND(OR($C83=6,$C83=7),Weekend_As_Holiday="NO",COUNTIF(Holidays!$A$6:$A$58,'Cycle Calendar'!$D83)>0),"W",IF(OR($C83=6,$C83=7),"W",IF(COUNTIF(Holidays!$A$6:$A$58,'Cycle Calendar'!$D83)>0,"H","R")))) -> R | F83: =E83&C83 -> R4
A84: =IF(Calendar_Type="Calendar-Based",MONTH(D84),INT(((ROW(A79)-1)/(Days_per_Cycle+Number_Of_Weekends)))*1+1) -> 3 | B84: =IF(A84=A83,B83+1,1) -> 12 | C84: =WEEKDAY(D84,2) -> 5 | D84: =D83+1 -> 46101 | E84: =IF(AND(OR($C84=6,$C84=7),Weekend_As_Holiday="YES",COUNTIF(Holidays!$A$6:$A$58,'Cycle Calendar'!$D84)>0),"H",IF(AND(OR($C84=6,$C84=7),Weekend_As_Holiday="NO",COUNTIF(Holidays!$A$6:$A$58,'Cycle Calendar'!$D84)>0),"W",IF(OR($C84=6,$C84=7),"W",IF(COUNTIF(Holidays!$A$6:$A$58,'Cycle Calendar'!$D84)>0,"H","R")))) -> R | F84: =E84&C84 -> R5
... A95: =IF(Calendar_Type="Calendar-Based",MONTH(D95),INT(((ROW(A90)-1)/(Days_per_Cycle+Number_Of_Weekends)))*1+1) -> 3 | B95: =IF(A95=A94,B94+1,1) -> 23 | C95: =WEEKDAY(D95,2) -> 2 | D95: =D94+1 -> 46112 | E95: =IF(AND(OR($C95=6,$C95=7),Weekend_As_Holiday="YES",COUNTIF(Holidays!$A$6:$A$58,'Cycle Calendar'!$D95)>0),"H",IF(AND(OR($C95=6,$C95=7),Weekend_As_Holiday="NO",COUNTIF(Holidays!$A$6:$A$58,'Cycle Calendar'!$D95)>0),"W",IF(OR($C95=6,$C95=7),"W",IF(COUNTIF(Holidays!$A$6:$A$58,'Cycle Calendar'!$D95)>0,"H","R")))) -> R | F95: =E95&C95 -> R2
A96: 3 | B96: =IF(A96=A95,B95+1,1) -> 24 | C96: =WEEKDAY(D96,2) -> 3 | D96: =D95+1 -> 46113 | E96: =IF(AND(OR($C96=6,$C96=7),Weekend_As_Holiday="YES",COUNTIF(Holidays!$A$6:$A$58,'Cycle Calendar'!$D96)>0),"H",IF(AND(OR($C96=6,$C96=7),Weekend_As_Holiday="NO",COUNTIF(Holidays!$A$6:$A$58,'Cycle Calendar'!$D96)>0),"W",IF(OR($C96=6,$C96=7),"W",IF(COUNTIF(Holidays!$A$6:$A$58,'Cycle Calendar'!$D96)>0,"H","R")))) -> H | F96: =E96&C96 -> H3
A97: 3 | B97: =IF(A97=A96,B96+1,1) -> 25 | C97: =WEEKDAY(D97,2) -> 4 | D97: =D96+1 -> 46114 | E97: =IF(AND(OR($C97=6,$C97=7),Weekend_As_Holiday="YES",COUNTIF(Holidays!$A$6:$A$58,'Cycle Calendar'!$D97)>0),"H",IF(AND(OR($C97=6,$C97=7),Weekend_As_Holiday="NO",COUNTIF(Holidays!$A$6:$A$58,'Cycle Calendar'!$D97)>0),"W",IF(OR($C97=6,$C97=7),"W",IF(COUNTIF(Holidays!$A$6:$A$58,'Cycle Calendar'!$D97)>0,"H","R")))) -> H | F97: =E97&C97 -> H4
A98: 3 | B98: =IF(A98=A97,B97+1,1) -> 26 | C98: =WEEKDAY(D98,2) -> 5 | D98: =D97+1 -> 46115 | E98: =IF(AND(OR($C98=6,$C98=7),Weekend_As_Holiday="YES",COUNTIF(Holidays!$A$6:$A$58,'Cycle Calendar'!$D98)>0),"H",IF(AND(OR($C98=6,$C98=7),Weekend_As_Holiday="NO",COUNTIF(Holidays!$A$6:$A$58,'Cycle Calendar'!$D98)>0),"W",IF(OR($C98=6,$C98=7),"W",IF(COUNTIF(Holidays!$A$6:$A$58,'Cycle Calendar'!$D98)>0,"H","R")))) -> H | F98: =E98&C98 -> H5
A99: 3 | B99: =IF(A99=A98,B98+1,1) -> 27 | C99: =WEEKDAY(D99,2) -> 6 | D99: =D98+1 -> 46116 | E99: =IF(AND(OR($C99=6,$C99=7),Weekend_As_Holiday="YES",COUNTIF(Holidays!$A$6:$A$58,'Cycle Calendar'!$D99)>0),"H",IF(AND(OR($C99=6,$C99=7),Weekend_As_Holiday="NO",COUNTIF(Holidays!$A$6:$A$58,'Cycle Calendar'!$D99)>0),"W",IF(OR($C99=6,$C99=7),"W",IF(COUNTIF(Holidays!$A$6:$A$58,'Cycle Calendar'!$D99)>0,"H","R")))) -> W | F99: =E99&C99 -> W6
A100: 3 | B100: =IF(A100=A99,B99+1,1) -> 28 | C100: =WEEKDAY(D100,2) -> 7 | D100: =D99+1 -> 46117 | E100: =IF(AND(OR($C100=6,$C100=7),Weekend_As_Holiday="YES",COUNTIF(Holidays!$A$6:$A$58,'Cycle Calendar'!$D100)>0),"H",IF(AND(OR($C100=6,$C100=7),Weekend_As_Holiday="NO",COUNTIF(Holidays!$A$6:$A$58,'Cycle Calendar'!$D100)>0),"W",IF(OR($C100=6,$C100=7),"W",IF(COUNTIF(Holidays!$A$6:$A$58,'Cycle Calendar'!$D100)>0,"H","R")))) -> W | F100: =E100&C100 -> W7
A101: 3 | B101: =IF(A101=A100,B100+1,1) -> 29 | C101: =WEEKDAY(D101,2) -> 1 | D101: =D100+1 -> 46118 | E101: =IF(AND(OR($C101=6,$C101=7),Weekend_As_Holiday="YES",COUNTIF(Holidays!$A$6:$A$58,'Cycle Calendar'!$D101)>0),"H",IF(AND(OR($C101=6,$C101=7),Weekend_As_Holiday="NO",COUNTIF(Holidays!$A$6:$A$58,'Cycle Calendar'!$D101)>0),"W",IF(OR($C101=6,$C101=7),"W",IF(COUNTIF(Holidays!$A$6:$A$58,'Cycle Calendar'!$D101)>0,"H","R")))) -> R | F101: =E101&C101 -> R1
A102: 3 | B102: =IF(A102=A101,B101+1,1) -> 30 | C102: =WEEKDAY(D102,2) -> 2 | D102: =D101+1 -> 46119 | E102: =IF(AND(OR($C102=6,$C102=7),Weekend_As_Holiday="YES",COUNTIF(Holidays!$A$6:$A$58,'Cycle Calendar'!$D102)>0),"H",IF(AND(OR($C102=6,$C102=7),Weekend_As_Holiday="NO",COUNTIF(Holidays!$A$6:$A$58,'Cycle Calendar'!$D102)>0),"W",IF(OR($C102=6,$C102=7),"W",IF(COUNTIF(Holidays!$A$6:$A$58,'Cycle Calendar'!$D102)>0,"H","R")))) -> R | F102: =E102&C102 -> R2
A103: 3 | B103: =IF(A103=A102,B102+1,1) -> 31 | C103: =WEEKDAY(D103,2) -> 3 | D103: =D102+1 -> 46120 | E103: =IF(AND(OR($C103=6,$C103=7),Weekend_As_Holiday="YES",COUNTIF(Holidays!$A$6:$A$58,'Cycle Calendar'!$D103)>0),"H",IF(AND(OR($C103=6,$C103=7),Weekend_As_Holiday="NO",COUNTIF(Holidays!$A$6:$A$58,'Cycle Calendar'!$D103)>0),"W",IF(OR($C103=6,$C103=7),"W",IF(COUNTIF(Holidays!$A$6:$A$58,'Cycle Calendar'!$D103)>0,"H","R")))) -> R | F103: =E103&C103 -> R3
A104: 3 | B104: =IF(A104=A103,B103+1,1) -> 32 | C104: =WEEKDAY(D104,2) -> 4 | D104: =D103+1 -> 46121 | E104: =IF(AND(OR($C104=6,$C104=7),Weekend_As_Holiday="YES",COUNTIF(Holidays!$A$6:$A$58,'Cycle Calendar'!$D104)>0),"H",IF(AND(OR($C104=6,$C104=7),Weekend_As_Holiday="NO",COUNTIF(Holidays!$A$6:$A$58,'Cycle Calendar'!$D104)>0),"W",IF(OR($C104=6,$C104=7),"W",IF(COUNTIF(Holidays!$A$6:$A$58,'Cycle Calendar'!$D104)>0,"H","R")))) -> H | F104: =E104&C104 -> H4
A105: 3 | B105: =IF(A105=A104,B104+1,1) -> 33 | C105: =WEEKDAY(D105,2) -> 5 | D105: =D104+1 -> 46122 | E105: =IF(AND(OR($C105=6,$C105=7),Weekend_As_Holiday="YES",COUNTIF(Holidays!$A$6:$A$58,'Cycle Calendar'!$D105)>0),"H",IF(AND(OR($C105=6,$C105=7),Weekend_As_Holiday="NO",COUNTIF(Holidays!$A$6:$A$58,'Cycle Calendar'!$D105)>0),"W",IF(OR($C105=6,$C105=7),"W",IF(COUNTIF(Holidays!$A$6:$A$58,'Cycle Calendar'!$D105)>0,"H","R")))) -> R | F105: =E105&C105 -> R5
A106: 3 | B106: =IF(A106=A105,B105+1,1) -> 34 | C106: =WEEKDAY(D106,2) -> 6 | D106: =D105+1 -> 46123 | E106: =IF(AND(OR($C106=6,$C106=7),Weekend_As_Holiday="YES",COUNTIF(Holidays!$A$6:$A$58,'Cycle Calendar'!$D106)>0),"H",IF(AND(OR($C106=6,$C106=7),Weekend_As_Holiday="NO",COUNTIF(Holidays!$A$6:$A$58,'Cycle Calendar'!$D106)>0),"W",IF(OR($C106=6,$C106=7),"W",IF(COUNTIF(Holidays!$A$6:$A$58,'Cycle Calendar'!$D106)>0,"H","R")))) -> W | F106: =E106&C106 -> W6
A107: 3 | B107: =IF(A107=A106,B106+1,1) -> 35 | C107: =WEEKDAY(D107,2) -> 7 | D107: =D106+1 -> 46124 | E107: =IF(AND(OR($C107=6,$C107=7),Weekend_As_Holiday="YES",COUNTIF(Holidays!$A$6:$A$58,'Cycle Calendar'!$D107)>0),"H",IF(AND(OR($C107=6,$C107=7),Weekend_As_Holiday="NO",COUNTIF(Holidays!$A$6:$A$58,'Cycle Calendar'!$D107)>0),"W",IF(OR($C107=6,$C107=7),"W",IF(COUNTIF(Holidays!$A$6:$A$58,'Cycle Calendar'!$D107)>0,"H","R")))) -> W | F107: =E107&C107 -> W7
A108: =IF(Calendar_Type="Calendar-Based",MONTH(D108),INT(((ROW(A103)-1)/(Days_per_Cycle+Number_Of_Weekends)))*1+1) -> 4 | B108: =IF(A108=A107,B107+1,1) -> 1 | C108: =WEEKDAY(D108,2) -> 1 | D108: =D107+1 -> 46125 | E108: =IF(AND(OR($C108=6,$C108=7),Weekend_As_Holiday="YES",COUNTIF(Holidays!$A$6:$A$58,'Cycle Calendar'!$D108)>0),"H",IF(AND(OR($C108=6,$C108=7),Weekend_As_Holiday="NO",COUNTIF(Holidays!$A$6:$A$58,'Cycle Calendar'!$D108)>0),"W",IF(OR($C108=6,$C108=7),"W",IF(COUNTIF(Holidays!$A$6:$A$58,'Cycle Calendar'!$D108)>0,"H","R")))) -> R | F108: =E108&C108 -> R1
A109: =IF(Calendar_Type="Calendar-Based",MONTH(D109),INT(((ROW(A104)-1)/(Days_per_Cycle+Number_Of_Weekends)))*1+1) -> 4 | B109: =IF(A109=A108,B108+1,1) -> 2 | C109: =WEEKDAY(D109,2) -> 2 | D109: =D108+1 -> 46126 | E109: =IF(AND(OR($C109=6,$C109=7),Weekend_As_Holiday="YES",COUNTIF(Holidays!$A$6:$A$58,'Cycle Calendar'!$D109)>0),"H",IF(AND(OR($C109=6,$C109=7),Weekend_As_Holiday="NO",COUNTIF(Holidays!$A$6:$A$58,'Cycle Calendar'!$D109)>0),"W",IF(OR($C109=6,$C109=7),"W",IF(COUNTIF(Holidays!$A$6:$A$58,'Cycle Calendar'!$D109)>0,"H","R")))) -> R | F109: =E109&C109 -> R2
A110: =IF(Calendar_Type="Calendar-Based",MONTH(D110),INT(((ROW(A105)-1)/(Days_per_Cycle+Number_Of_Weekends)))*1+1) -> 4 | B110: =IF(A110=A109,B109+1,1) -> 3 | C110: =WEEKDAY(D110,2) -> 3 | D110: =D109+1 -> 46127 | E110: =IF(AND(OR($C110=6,$C110=7),Weekend_As_Holiday="YES",COUNTIF(Holidays!$A$6:$A$58,'Cycle Calendar'!$D110)>0),"H",IF(AND(OR($C110=6,$C110=7),Weekend_As_Holiday="NO",COUNTIF(Holidays!$A$6:$A$58,'Cycle Calendar'!$D110)>0),"W",IF(OR($C110=6,$C110=7),"W",IF(COUNTIF(Holidays!$A$6:$A$58,'Cycle Calendar'!$D110)>0,"H","R")))) -> R | F110: =E110&C110 -> R3
A111: =IF(Calendar_Type="Calendar-Based",MONTH(D111),INT(((ROW(A106)-1)/(Days_per_Cycle+Number_Of_Weekends)))*1+1) -> 4 | B111: =IF(A111=A110,B110+1,1) -> 4 | C111: =WEEKDAY(D111,2) -> 4 | D111: =D110+1 -> 46128 | E111: =IF(AND(OR($C111=6,$C111=7),Weekend_As_Holiday="YES",COUNTIF(Holidays!$A$6:$A$58,'Cycle Calendar'!$D111)>0),"H",IF(AND(OR($C111=6,$C111=7),Weekend_As_Holiday="NO",COUNTIF(Holidays!$A$6:$A$58,'Cycle Calendar'!$D111)>0),"W",IF(OR($C111=6,$C111=7),"W",IF(COUNTIF(Holidays!$A$6:$A$58,'Cycle Calendar'!$D111)>0,"H","R")))) -> R | F111: =E111&C111 -> R4
A112: =IF(Calendar_Type="Calendar-Based",MONTH(D112),INT(((ROW(A107)-1)/(Days_per_Cycle+Number_Of_Weekends)))*1+1) -> 4 | B112: =IF(A112=A111,B111+1,1) -> 5 | C112: =WEEKDAY(D112,2) -> 5 | D112: =D111+1 -> 46129 | E112: =IF(AND(OR($C112=6,$C112=7),Weekend_As_Holiday="YES",COUNTIF(Holidays!$A$6:$A$58,'Cycle Calendar'!$D112)>0),"H",IF(AND(OR($C112=6,$C112=7),Weekend_As_Holiday="NO",COUNTIF(Holidays!$A$6:$A$58,'Cycle Calendar'!$D112)>0),"W",IF(OR($C112=6,$C112=7),"W",IF(COUNTIF(Holidays!$A$6:$A$58,'Cycle Calendar'!$D112)>0,"H","R")))) -> R | F112: =E112&C112 -> R5
A113: =IF(Calendar_Type="Calendar-Based",MONTH(D113),INT(((ROW(A108)-1)/(Days_per_Cycle+Number_Of_Weekends)))*1+1) -> 4 | B113: =IF(A113=A112,B112+1,1) -> 6 | C113: =WEEKDAY(D113,2) -> 6 | D113: =D112+1 -> 46130 | E113: =IF(AND(OR($C113=6,$C113=7),Weekend_As_Holiday="YES",COUNTIF(Holidays!$A$6:$A$58,'Cycle Calendar'!$D113)>0),"H",IF(AND(OR($C113=6,$C113=7),Weekend_As_Holiday="NO",COUNTIF(Holidays!$A$6:$A$58,'Cycle Calendar'!$D113)>0),"W",IF(OR($C113=6,$C113=7),"W",IF(COUNTIF(Holidays!$A$6:$A$58,'Cycle Calendar'!$D113)>0,"H","R")))) -> W | F113: =E113&C113 -> W6
A114: =IF(Calendar_Type="Calendar-Based",MONTH(D114),INT(((ROW(A109)-1)/(Days_per_Cycle+Number_Of_Weekends)))*1+1) -> 4 | B114: =IF(A114=A113,B113+1,1) -> 7 | C114: =WEEKDAY(D114,2) -> 7 | D114: =D113+1 -> 46131 | E114: =IF(AND(OR($C114=6,$C114=7),Weekend_As_Holiday="YES",COUNTIF(Holidays!$A$6:$A$58,'Cycle Calendar'!$D114)>0),"H",IF(AND(OR($C114=6,$C114=7),Weekend_As_Holiday="NO",COUNTIF(Holidays!$A$6:$A$58,'Cycle Calendar'!$D114)>0),"W",IF(OR($C114=6,$C114=7),"W",IF(COUNTIF(Holidays!$A$6:$A$58,'Cycle Calendar'!$D114)>0,"H","R")))) -> W | F114: =E114&C114 -> W7
A115: =IF(Calendar_Type="Calendar-Based",MONTH(D115),INT(((ROW(A110)-1)/(Days_per_Cycle+Number_Of_Weekends)))*1+1) -> 4 | B115: =IF(A115=A114,B114+1,1) -> 8 | C115: =WEEKDAY(D115,2) -> 1 | D115: =D114+1 -> 46132 | E115: =IF(AND(OR($C115=6,$C115=7),Weekend_As_Holiday="YES",COUNTIF(Holidays!$A$6:$A$58,'Cycle Calendar'!$D115)>0),"H",IF(AND(OR($C115=6,$C115=7),Weekend_As_Holiday="NO",COUNTIF(Holidays!$A$6:$A$58,'Cycle Calendar'!$D115)>0),"W",IF(OR($C115=6,$C115=7),"W",IF(COUNTIF(Holidays!$A$6:$A$58,'Cycle Calendar'!$D115)>0,"H","R")))) -> R | F115: =E115&C115 -> R1
A116: =IF(Calendar_Type="Calendar-Based",MONTH(D116),INT(((ROW(A111)-1)/(Days_per_Cycle+Number_Of_Weekends)))*1+1) -> 4 | B116: =IF(A116=A115,B115+1,1) -> 9 | C116: =WEEKDAY(D116,2) -> 2 | D116: =D115+1 -> 46133 | E116: =IF(AND(OR($C116=6,$C116=7),Weekend_As_Holiday="YES",COUNTIF(Holidays!$A$6:$A$58,'Cycle Calendar'!$D116)>0),"H",IF(AND(OR($C116=6,$C116=7),Weekend_As_Holiday="NO",COUNTIF(Holidays!$A$6:$A$58,'Cycle Calendar'!$D116)>0),"W",IF(OR($C116=6,$C116=7),"W",IF(COUNTIF(Holidays!$A$6:$A$58,'Cycle Calendar'!$D116)>0,"H","R")))) -> R | F116: =E116&C116 -> R2
A117: =IF(Calendar_Type="Calendar-Based",MONTH(D117),INT(((ROW(A112)-1)/(Days_per_Cycle+Number_Of_Weekends)))*1+1) -> 4 | B117: =IF(A117=A116,B116+1,1) -> 10 | C117: =WEEKDAY(D117,2) -> 3 | D117: =D116+1 -> 46134 | E117: =IF(AND(OR($C117=6,$C117=7),Weekend_As_Holiday="YES",COUNTIF(Holidays!$A$6:$A$58,'Cycle Calendar'!$D117)>0),"H",IF(AND(OR($C117=6,$C117=7),Weekend_As_Holiday="NO",COUNTIF(Holidays!$A$6:$A$58,'Cycle Calendar'!$D117)>0),"W",IF(OR($C117=6,$C117=7),"W",IF(COUNTIF(Holidays!$A$6:$A$58,'Cycle Calendar'!$D117)>0,"H","R")))) -> R | F117: =E117&C117 -> R3
A118: =IF(Calendar_Type="Calendar-Based",MONTH(D118),INT(((ROW(A113)-1)/(Days_per_Cycle+Number_Of_Weekends)))*1+1) -> 4 | B118: =IF(A118=A117,B117+1,1) -> 11 | C118: =WEEKDAY(D118,2) -> 4 | D118: =D117+1 -> 46135 | E118: =IF(AND(OR($C118=6,$C118=7),Weekend_As_Holiday="YES",COUNTIF(Holidays!$A$6:$A$58,'Cycle Calendar'!$D118)>0),"H",IF(AND(OR($C118=6,$C118=7),Weekend_As_Holiday="NO",COUNTIF(Holidays!$A$6:$A$58,'Cycle Calendar'!$D118)>0),"W",IF(OR($C118=6,$C118=7),"W",IF(COUNTIF(Holidays!$A$6:$A$58,'Cycle Calendar'!$D118)>0,"H","R")))) -> R | F118: =E118&C118 -> R4
A119: =IF(Calendar_Type="Calendar-Based",MONTH(D119),INT(((ROW(A114)-1)/(Days_per_Cycle+Number_Of_Weekends)))*1+1) -> 4 | B119: =IF(A119=A118,B118+1,1) -> 12 | C119: =WEEKDAY(D119,2) -> 5 | D119: =D118+1 -> 46136 | E119: =IF(AND(OR($C119=6,$C119=7),Weekend_As_Holiday="YES",COUNTIF(Holidays!$A$6:$A$58,'Cycle Calendar'!$D119)>0),"H",IF(AND(OR($C119=6,$C119=7),Weekend_As_Holiday="NO",COUNTIF(Holidays!$A$6:$A$58,'Cycle Calendar'!$D119)>0),"W",IF(OR($C119=6,$C119=7),"W",IF(COUNTIF(Holidays!$A$6:$A$58,'Cycle Calendar'!$D119)>0,"H","R")))) -> R | F119: =E119&C119 -> R5
... A125: =IF(Calendar_Type="Calendar-Based",MONTH(D125),INT(((ROW(A120)-1)/(Days_per_Cycle+Number_Of_Weekends)))*1+1) -> 4 | B125: =IF(A125=A124,B124+1,1) -> 18 | C125: =WEEKDAY(D125,2) -> 4 | D125: =D124+1 -> 46142 | E125: =IF(AND(OR($C125=6,$C125=7),Weekend_As_Holiday="YES",COUNTIF(Holidays!$A$6:$A$58,'Cycle Calendar'!$D125)>0),"H",IF(AND(OR($C125=6,$C125=7),Weekend_As_Holiday="NO",COUNTIF(Holidays!$A$6:$A$58,'Cycle Calendar'!$D125)>0),"W",IF(OR($C125=6,$C125=7),"W",IF(COUNTIF(Holidays!$A$6:$A$58,'Cycle Calendar'!$D125)>0,"H","R")))) -> R | F125: =E125&C125 -> R4
A126: 4 | B126: =IF(A126=A125,B125+1,1) -> 19 | C126: =WEEKDAY(D126,2) -> 5 | D126: =D125+1 -> 46143 | E126: =IF(AND(OR($C126=6,$C126=7),Weekend_As_Holiday="YES",COUNTIF(Holidays!$A$6:$A$58,'Cycle Calendar'!$D126)>0),"H",IF(AND(OR($C126=6,$C126=7),Weekend_As_Holiday="NO",COUNTIF(Holidays!$A$6:$A$58,'Cycle Calendar'!$D126)>0),"W",IF(OR($C126=6,$C126=7),"W",IF(COUNTIF(Holidays!$A$6:$A$58,'Cycle Calendar'!$D126)>0,"H","R")))) -> H | F126: =E126&C126 -> H5
A127: 4 | B127: =IF(A127=A126,B126+1,1) -> 20 | C127: =WEEKDAY(D127,2) -> 6 | D127: =D126+1 -> 46144 | E127: =IF(AND(OR($C127=6,$C127=7),Weekend_As_Holiday="YES",COUNTIF(Holidays!$A$6:$A$58,'Cycle Calendar'!$D127)>0),"H",IF(AND(OR($C127=6,$C127=7),Weekend_As_Holiday="NO",COUNTIF(Holidays!$A$6:$A$58,'Cycle Calendar'!$D127)>0),"W",IF(OR($C127=6,$C127=7),"W",IF(COUNTIF(Holidays!$A$6:$A$58,'Cycle Calendar'!$D127)>0,"H","R")))) -> W | F127: =E127&C127 -> W6
A128: 4 | B128: =IF(A128=A127,B127+1,1) -> 21 | C128: =WEEKDAY(D128,2) -> 7 | D128: =D127+1 -> 46145 | E128: =IF(AND(OR($C128=6,$C128=7),Weekend_As_Holiday="YES",COUNTIF(Holidays!$A$6:$A$58,'Cycle Calendar'!$D128)>0),"H",IF(AND(OR($C128=6,$C128=7),Weekend_As_Holiday="NO",COUNTIF(Holidays!$A$6:$A$58,'Cycle Calendar'!$D128)>0),"W",IF(OR($C128=6,$C128=7),"W",IF(COUNTIF(Holidays!$A$6:$A$58,'Cycle Calendar'!$D128)>0,"H","R")))) -> W | F128: =E128&C128 -> W7
A129: 4 | B129: =IF(A129=A128,B128+1,1) -> 22 | C129: =WEEKDAY(D129,2) -> 1 | D129: =D128+1 -> 46146 | E129: =IF(AND(OR($C129=6,$C129=7),Weekend_As_Holiday="YES",COUNTIF(Holidays!$A$6:$A$58,'Cycle Calendar'!$D129)>0),"H",IF(AND(OR($C129=6,$C129=7),Weekend_As_Holiday="NO",COUNTIF(Holidays!$A$6:$A$58,'Cycle Calendar'!$D129)>0),"W",IF(OR($C129=6,$C129=7),"W",IF(COUNTIF(Holidays!$A$6:$A$58,'Cycle Calendar'!$D129)>0,"H","R")))) -> R | F129: =E129&C129 -> R1
A130: 4 | B130: =IF(A130=A129,B129+1,1) -> 23 | C130: =WEEKDAY(D130,2) -> 2 | D130: =D129+1 -> 46147 | E130: =IF(AND(OR($C130=6,$C130=7),Weekend_As_Holiday="YES",COUNTIF(Holidays!$A$6:$A$58,'Cycle Calendar'!$D130)>0),"H",IF(AND(OR($C130=6,$C130=7),Weekend_As_Holiday="NO",COUNTIF(Holidays!$A$6:$A$58,'Cycle Calendar'!$D130)>0),"W",IF(OR($C130=6,$C130=7),"W",IF(COUNTIF(Holidays!$A$6:$A$58,'Cycle Calendar'!$D130)>0,"H","R")))) -> R | F130: =E130&C130 -> R2
...

Sheet Holidays
A1: List of Holidays for 2025
A2: Date | B2: Day of Week | C2: Holiday
A3: (type: date | size: 10) | B3: (type: integer | size: 8) | C3: (type: text | size: 50)
A4: format: YYYY-MM-DD | B4: Monday, Tuesday, etc. | C4: (e.g. New Year's Day, Good Friday, Christmas Day, etc.)
A5: Valid Characters: Numeric , / | B5: Valid Characters: Alpha | C5: Valid Characters: Alphanumeric, ÑñÉé .,'/()&-@#
A6: 46023 | B6: =IF(A6="","",IFERROR(TEXT(A6,"dddd"),"Invalid Date")) -> Thursday | C6: New Year's Day
A7: 46070 | B7: =IF(A7="","",IFERROR(TEXT(A7,"dddd"),"Invalid Date")) -> Tuesday | C7: Chinese New Year
A8: 46114 | B8: =IF(A8="","",IFERROR(TEXT(A8,"dddd"),"Invalid Date")) -> Thursday | C8: Maundy Thursday
A9: 46115 | B9: =IF(A9="","",IFERROR(TEXT(A9,"dddd"),"Invalid Date")) -> Friday | C9: Good Friday
A10: 46116 | B10: =IF(A10="","",IFERROR(TEXT(A10,"dddd"),"Invalid Date")) -> Saturday | C10: Black Saturday
A11: 46121 | B11: =IF(A11="","",IFERROR(TEXT(A11,"dddd"),"Invalid Date")) -> Thursday | C11: Araw ng Kagitingan
A12: 46143 | B12: =IF(A12="","",IFERROR(TEXT(A12,"dddd"),"Invalid Date")) -> Friday | C12: Labor Day
A13: 46185 | B13: =IF(A13="","",IFERROR(TEXT(A13,"dddd"),"Invalid Date")) -> Friday | C13: Independence Day
A14: 46255 | B14: =IF(A14="","",IFERROR(TEXT(A14,"dddd"),"Invalid Date")) -> Friday | C14: Ninoy Aquino Day
A15: 46265 | B15: =IF(A15="","",IFERROR(TEXT(A15,"dddd"),"Invalid Date")) -> Monday | C15: National Heroes Day
A16: 46327 | B16: =IF(A16="","",IFERROR(TEXT(A16,"dddd"),"Invalid Date")) -> Sunday | C16: All Soul's Day
A17: 46356 | B17: =IF(A17="","",IFERROR(TEXT(A17,"dddd"),"Invalid Date")) -> Monday | C17: Bonifacio Day
... A43: 46387 | B43: =IF(A43="","",IFERROR(TEXT(A43,"dddd"),"Invalid Date")) -> Thursday | C43: Medchoice Shutdown
B44: =IF(A44="","",IFERROR(TEXT(A44,"dddd"),"Invalid Date"))
B45: =IF(A45="","",IFERROR(TEXT(A45,"dddd"),"Invalid Date"))
B46: =IF(A46="","",IFERROR(TEXT(A46,"dddd"),"Invalid Date"))
B47: =IF(A47="","",IFERROR(TEXT(A47,"dddd"),"Invalid Date"))
B48: =IF(A48="","",IFERROR(TEXT(A48,"dddd"),"Invalid Date"))
B49: =IF(A49="","",IFERROR(TEXT(A49,"dddd"),"Invalid Date"))
B50: =IF(A50="","",IFERROR(TEXT(A50,"dddd"),"Invalid Date"))
B51: =IF(A51="","",IFERROR(TEXT(A51,"dddd"),"Invalid Date"))
B52: =IF(A52="","",IFERROR(TEXT(A52,"dddd"),"Invalid Date"))
B53: =IF(A53="","",IFERROR(TEXT(A53,"dddd"),"Invalid Date"))
B54: =IF(A54="","",IFERROR(TEXT(A54,"dddd"),"Invalid Date"))
B55: =IF(A55="","",IFERROR(TEXT(A55,"dddd"),"Invalid Date"))
... B58: =IF(A58="","",IFERROR(TEXT(A58,"dddd"),"Invalid Date"))

Sheet Settings
A2: Field Name | B2: Settings | C2: Settings Guide | D2: Remarks
A3: Calendar Type | B3: Calendar-Based | C3: Calendar-Based: Number of days is based on the calendar month Cycle-Based: Number of days is based on Days-per-Cycle value | D3: Select Calendar-Based if client uses calendar months for their operations (i.e. January = 31 days, February = 28/29 days, etc.). Select Cycle-Based if client uses a fixed number of days for their operations (e.g. 20 days cycle, 2-week cycle, etc.)
A4: Days per Cycle | B4: 20 | C4: Fixed number of days included in a cycle | D4: Refers to a fixed number of days included for a given cycle if the Calendar Type is "Cycle-Based". This value has no effect if Calendar Type is set to "Calendar-Based"
A5: Start Date of Year | B5: 46023 | C5: Start date is either January 1, or the starting date of a fiscal year | D5: If client is using a Calendar year, then start date should be January 1, otherwise, if using a Fiscal year, then specify the start date of the Fiscal year
A6: End Date of Year | B6: 46387 | C6: End date is either December 31, or the last date of a fiscal year | D6: If client is using a Calendar year, then end date should be December 31, otherwise, if using a Fiscal year, then specify the end date of the client's Fiscal year
A7: Cycle Header | B7: 2026 | C7: The applicable year for the Cycle Calendar | D7: The Cycle Header label will be prefixed with "CY" plus the value specified in the 'Cycle_Header' named range. This is auto-calculated from the year of the Start Date
A8: Weekend as Holiday | B8: NO | C8: Yes - Weekend date that falls on a holiday will be tagged as "H" No - Weekend date that falls on a holiday will be tagged as "W" | D8: Determines what will be the TYPE to be assigned for weekend dates that falll also on a holiday
A9: Number Of Weekends | B9: =Days_per_Cycle/5*2 -> 8 | C9: The value is auto-computed based on the specified number of Days per Cycle divided by 5 and multiplied by 2 | D9: The "Number of Weekends" setting is used in the formula of the "Cycle number" that determines the total count of weekend dates that will be included or to be added to the "Days per Cycle" value in order to establish the inclusive dates of a given cycle
